sucursal,producto,a√±o,mes,cantidad,ingreso,costo
Norte,Coca Cola,2020,01,9930,18489527.72,12861600.34
Norte,Fanta,2020,01,1945,3474578.31,2521319.69
Norte,Sprite,2020,01,7205,13604289.65,9972199.75
Norte,7 Up,2020,01,1009,1514611.12,1053251.58
Norte,Pepsi,2020,01,8678,13337409.12,8053428.83
Centro,Coca Cola,2020,01,10111,21506294.45,14019883.53
Centro,Fanta,2020,01,1891,3318976.33,2301940.67
Centro,Sprite,2020,01,7745,15727519.24,9957915.96
Centro,7 Up,2020,01,1047,1721233.58,1225715.53
Centro,Pepsi,2020,1,7312,11245002.23,7672635.89
Sur,Coca Cola,2020,1,9223,17139208.7,10464078.33
Sur,Fanta,2020,1,1975,3827279.49,2331992.01
Sur,Sprite,2020,1,8391,16965294.03,12968847.79
Sur,7 Up,2020,1,965,1392356.67,1075458.26
Sur,Pepsi,2020,01,8504,15719890.87,9914266.39
Norte,Coca Cola,2020,02,9766,18309558.14,12074311.13
Norte,Fanta,2020,02,2039,3313503.24,1992870.14
Norte,Sprite,2020,02,8009,16164871.52,11487992.75
Norte,7 Up,2020,02,912,1260104.94,999379.57
Norte,Pepsi,2020,02,8341,14570323.5,10891316.72
Centro,Coca Cola,2020,02,10789,23330586.02,17773238.73
Centro,Fanta,2020,02,2052,3559866.7,2790338.16
Centro,Sprite,2020,02,7539,14857954.08,9938352.47
Centro,7 Up,2020,02,985,1560018.69,1178132.69
Centro,Pepsi,2020,02,8729,13982016.64,10404059.41
Sur,Coca Cola,2020,02,9761,18276299.37,12827764.29
Sur,Fanta,2020,02,2026,3977925.42,3079157.71
Sur,Sprite,2020,02,8044,15054226.65,11440689.17
Sur,7 Up,2020,02,1041,1540269.49,1194785.26
Sur,Pepsi,2020,02,7662,11997833.97,8630974.93
Norte,Coca Cola,2020,03,9940,21117008.76,16528629.53
Norte,Fanta,2020,03,1885,3698931.9,2568355.32
Norte,Sprite,2020,03,7296,15012657.79,10278536.42
Norte,7 Up,2020,03,1001,1471257.95,903006.57
Norte,Pepsi,2020,03,8508,13341608.65,9886168.31
Centro,Coca Cola,2020,03,9886,18766425.57,13648562.26
Centro,Fanta,2020,03,2128,3947707.12,2956571.05
Centro,Sprite,2020,03,7935,14217187.03,10797768.62
Centro,7 Up,2020,03,965,1313668.33,1030921.44
Centro,Pepsi,2020,03,8277,15421102.89,12116460.72
Sur,Coca Cola,2020,03,10602,22322705.88,14336558.64
Sur,Fanta,2020,03,1921,3648736.4,2632313.69
Sur,Sprite,2020,03,8793,15208405.08,10389062.28
Sur,7 Up,2020,03,961,1400925.93,1042153.8
Sur,Pepsi,2020,03,7786,13104702.37,8336426.48
Norte,Coca Cola,2020,04,10195,22139905.6,16778210.94
Norte,Fanta,2020,04,2015,3623974.12,2693759.06
Norte,Sprite,2020,04,7504,13810593.21,9856147.48
Norte,7 Up,2020,04,1034,1599643.31,1226461.06
Norte,Pepsi,2020,04,8721,15343351.03,11904417.08
Centro,Coca Cola,2020,04,9091,19057161.58,14000186.63
Centro,Fanta,2020,04,1844,3098277.99,2307279.11
Centro,Sprite,2020,04,8051,15388638.52,10344756.06
Centro,7 Up,2020,04,1041,1411382.71,1087728.18
Centro,Pepsi,2020,04,8082,14780127.61,8899445.9
Sur,Coca Cola,2020,04,9050,18299918.09,12753709.75
Sur,Fanta,2020,04,2183,3717513.3,2898477.88
Sur,Sprite,2020,04,8211,14473428.17,11128000.41
Sur,7 Up,2020,04,1028,1578535.24,966831.31
Sur,Pepsi,2020,04,7425,13408949.22,8458270.84
Norte,Coca Cola,2020,05,9609,18853026.84,12338577.15
Norte,Fanta,2020,05,2123,3897572.06,2551292.78
Norte,Sprite,2020,05,7876,14650605.11,11469440.04
Norte,7 Up,2020,05,1084,1531993.34,934497.99
Norte,Pepsi,2020,05,7682,12412659.8,9367022.59
Centro,Coca Cola,2020,05,10395,22611472.42,17713490.44
Centro,Fanta,2020,05,1870,3620098.43,2334697.87
Centro,Sprite,2020,05,7742,13949967.37,10990622.97
Centro,7 Up,2020,05,950,1363055.35,1025834.87
Centro,Pepsi,2020,05,7807,12324577.68,8000637.7
Sur,Coca Cola,2020,05,10320,21195783.13,14920591.77
Sur,Fanta,2020,05,1947,3819190.74,2858712.94
Sur,Sprite,2020,05,7439,15328493.93,10670527.67
Sur,7 Up,2020,05,981,1387637.03,894340.18
Sur,Pepsi,2020,05,7439,13187458.26,8165817.5
Norte,Coca Cola,2020,06,9407,18135353.73,13499507.96
Norte,Fanta,2020,06,2055,3936865.78,3038352.48
Norte,Sprite,2020,06,8150,15248847.69,9987128.37
Norte,7 Up,2020,06,970,1558196.05,1165841.12
Norte,Pepsi,2020,06,8079,14473378.92,10662090.01
Centro,Coca Cola,2020,06,9792,19513605.01,15069845.16
Centro,Fanta,2020,06,2106,3570208.22,2587575.61
Centro,Sprite,2020,06,7545,14389479.12,11419176.87
Centro,7 Up,2020,06,1095,1620503.0,1254542.3
Centro,Pepsi,2020,06,7921,12433219.09,8869755.71
Sur,Coca Cola,2020,06,10802,21947080.97,13365857.01
Sur,Fanta,2020,06,1886,3422193.16,2495045.73
Sur,Sprite,2020,06,7226,14858066.48,9417604.9
Sur,7 Up,2020,06,1000,1512486.27,960836.51
Sur,Pepsi,2020,06,8280,14060912.83,9261381.64
Norte,Coca Cola,2020,07,10450,22075114.45,16389749.83
Norte,Fanta,2020,07,2130,3664365.62,2261521.96
Norte,Sprite,2020,07,8212,16705626.18,11864721.67
Norte,7 Up,2020,07,934,1261787.88,758803.05
Norte,Pepsi,2020,07,8510,14272061.92,8967435.74
Centro,Coca Cola,2020,07,10782,23621117.82,17188151.16
Centro,Fanta,2020,07,2033,3887023.68,2388546.45
Centro,Sprite,2020,07,7222,13951345.61,9143168.22
Centro,7 Up,2020,07,1051,1729663.08,1261117.42
Centro,Pepsi,2020,07,7822,12119969.0,8791301.1
Sur,Coca Cola,2020,07,9199,17480053.27,12415136.29
Sur,Fanta,2020,07,1806,3033756.96,2126789.93
Sur,Sprite,2020,07,7685,14769845.43,11492776.29
Sur,7 Up,2020,07,1004,1382372.11,868595.35
Sur,Pepsi,2020,07,8662,14641447.22,8874959.34
Norte,Coca Cola,2020,08,9396,18831014.16,11789501.36
Norte,Fanta,2020,08,1970,3502914.08,2659252.78
Norte,Sprite,2020,08,7812,14688184.92,9665292.8
Norte,7 Up,2020,08,960,1490821.04,1074731.97
Norte,Pepsi,2020,08,7471,12726463.59,8224098.3
Centro,Coca Cola,2020,08,10712,21363594.03,13638979.78
Centro,Fanta,2020,08,1809,3329380.24,2083674.41
Centro,Sprite,2020,08,8515,16049682.02,12223716.85
Centro,7 Up,2020,08,954,1472863.46,1098433.83
Centro,Pepsi,2020,08,8167,13302967.44,10021053.67
Sur,Coca Cola,2020,08,9383,18943288.96,14214404.58
Sur,Fanta,2020,08,1991,3581427.4,2588555.89
Sur,Sprite,2020,08,7909,16229899.23,12655184.55
Sur,7 Up,2020,08,958,1538870.0,1051585.81
Sur,Pepsi,2020,08,7523,11895496.47,7447360.2
Norte,Coca Cola,2020,09,9371,19596817.36,15339791.81
Norte,Fanta,2020,09,1825,3464187.04,2333527.37
Norte,Sprite,2020,09,7850,16219183.67,10590523.86
Norte,7 Up,2020,09,903,1382994.76,903055.05
Norte,Pepsi,2020,09,8198,14401753.24,10314565.85
Centro,Coca Cola,2020,09,10520,21017147.79,14751655.47
Centro,Fanta,2020,09,2002,3469364.36,2111452.86
Centro,Sprite,2020,09,8408,15477349.07,9722308.59
Centro,7 Up,2020,09,967,1356396.01,977736.26
Centro,Pepsi,2020,09,7726,13643052.4,9320997.35
Sur,Coca Cola,2020,09,9186,19808941.01,14441537.9
Sur,Fanta,2020,09,1811,3444162.26,2673990.02
Sur,Sprite,2020,09,8436,15473370.34,9894772.04
Sur,7 Up,2020,09,1073,1686563.57,1321885.96
Sur,Pepsi,2020,09,8072,13708371.67,10840977.39
Norte,Coca Cola,2020,10,10181,21070874.17,13371216.8
Norte,Fanta,2020,10,1833,3040758.78,2156177.25
Norte,Sprite,2020,10,8084,16081810.41,11599823.47
Norte,7 Up,2020,10,1085,1555158.13,938426.99
Norte,Pepsi,2020,10,8358,13979348.04,10971977.84
Centro,Coca Cola,2020,10,10004,20506719.31,12331925.45
Centro,Fanta,2020,10,2122,3566541.76,2219868.19
Centro,Sprite,2020,10,8042,14075433.51,8912655.97
Centro,7 Up,2020,10,1065,1620362.19,1146252.05
Centro,Pepsi,2020,10,7325,12873151.4,9464861.05
Sur,Coca Cola,2020,10,9325,18745130.96,11406503.66
Sur,Fanta,2020,10,1926,3535813.42,2498542.85
Sur,Sprite,2020,10,8343,14425080.44,8737483.45
Sur,7 Up,2020,10,1033,1515038.33,1197875.76
Sur,Pepsi,2020,10,8031,14580607.23,11191347.46
Norte,Coca Cola,2020,11,10184,20128727.04,13921809.34
Norte,Fanta,2020,11,1883,3526176.75,2787482.46
Norte,Sprite,2020,11,7451,13208010.41,10536259.92
Norte,7 Up,2020,11,1094,1486256.59,1160905.95
Norte,Pepsi,2020,11,7852,13308001.75,8128351.89
Centro,Coca Cola,2020,11,9937,20230495.5,14585697.42
Centro,Fanta,2020,11,1994,3893296.75,2880246.84
Centro,Sprite,2020,11,8271,15480305.11,10336261.63
Centro,7 Up,2020,11,928,1421987.24,945053.23
Centro,Pepsi,2020,11,8485,13475794.82,9672520.64
Sur,Coca Cola,2020,11,9888,20710693.76,12736055.76
Sur,Fanta,2020,11,2158,3593305.48,2374545.01
Sur,Sprite,2020,11,7530,13026442.62,10059390.68
Sur,7 Up,2020,11,1089,1656235.6,1253461.35
Sur,Pepsi,2020,11,7790,12988880.32,8665974.34
Norte,Coca Cola,2020,12,10641,22373683.22,15821967.56
Norte,Fanta,2020,12,2112,3843763.07,2886323.21
Norte,Sprite,2020,12,8709,16250408.13,12939507.18
Norte,7 Up,2020,12,992,1357944.57,842796.02
Norte,Pepsi,2020,12,7587,12577353.31,9058537.24
Centro,Coca Cola,2020,12,9894,20518444.88,12695749.56
Centro,Fanta,2020,12,1808,3114768.37,1955771.27
Centro,Sprite,2020,12,7979,13886975.0,10707594.09
Centro,7 Up,2020,12,1016,1570643.02,1201813.74
Centro,Pepsi,2020,12,8604,15696863.45,11457399.77
Sur,Coca Cola,2020,12,9611,19408690.44,12121815.79
Sur,Fanta,2020,12,2128,3837654.17,2835323.41
Sur,Sprite,2020,12,7754,14507830.71,9158886.97
Sur,7 Up,2020,12,1021,1539100.78,1027366.64
Sur,Pepsi,2020,12,7561,13003651.92,8740262.26
Norte,Coca Cola,2021,01,10590,27238373.18,19318088.91
Norte,Fanta,2021,01,1734,2563448.7,1563339.61
Norte,Sprite,2021,01,7750,14955958.46,10484467.43
Norte,7 Up,2021,01,1620,2416182.9,1576110.94
Norte,Pepsi,2021,01,7310,16056775.27,11717632.84
Centro,Coca Cola,2021,01,10365,26474824.49,16908229.43
Centro,Fanta,2021,01,1497,2292814.22,1761381.28
Centro,Sprite,2021,01,7705,15726540.36,12195185.53
Centro,7 Up,2021,01,1590,2158735.58,1435888.31
Centro,Pepsi,2021,01,8009,16521222.48,13189597.26
Sur,Coca Cola,2021,01,10907,29791447.01,20466382.9
Sur,Fanta,2021,01,1620,2561057.22,2048407.58
Sur,Sprite,2021,01,7834,15318108.48,9399500.51
Sur,7 Up,2021,01,1561,2157429.07,1355280.21
Sur,Pepsi,2021,01,8458,16291159.11,10151316.05
Norte,Coca Cola,2021,02,11867,30748724.06,18965459.57
Norte,Fanta,2021,02,1735,2714862.23,2002174.48
Norte,Sprite,2021,02,7066,13673091.53,8636956.07
Norte,7 Up,2021,02,1429,1997951.74,1519360.35
Norte,Pepsi,2021,02,8289,15669547.97,11626878.65
Centro,Coca Cola,2021,02,11251,27004728.42,21557305.29
Centro,Fanta,2021,02,1657,2227277.92,1516100.16
Centro,Sprite,2021,02,7859,17557377.67,12679358.06
Centro,7 Up,2021,02,1361,2230956.45,1624797.18
Centro,Pepsi,2021,02,8209,15481643.99,11963341.92
Sur,Coca Cola,2021,02,10633,25998626.61,15752773.72
Sur,Fanta,2021,02,1729,2617950.81,1735445.54
Sur,Sprite,2021,02,7276,14643198.55,8929334.17
Sur,7 Up,2021,02,1356,2061735.49,1406117.61
Sur,Pepsi,2021,02,7943,15095099.28,9443196.85
Norte,Coca Cola,2021,03,11199,28164657.73,17712777.1
Norte,Fanta,2021,03,1523,2061424.4,1537239.85
Norte,Sprite,2021,03,7633,16484716.07,10331412.68
Norte,7 Up,2021,03,1648,2376218.97,1661955.01
Norte,Pepsi,2021,03,7728,15346414.66,11057002.15
Centro,Coca Cola,2021,03,11748,28391195.36,18678673.89
Centro,Fanta,2021,03,1716,2559201.78,1728496.68
Centro,Sprite,2021,03,7330,14640140.61,10182469.05
Centro,7 Up,2021,03,1451,2172283.25,1668166.58
Centro,Pepsi,2021,03,8334,17042875.96,11189972.25
Sur,Coca Cola,2021,03,10031,26783924.68,19984056.6
Sur,Fanta,2021,03,1514,2206143.67,1742301.26
Sur,Sprite,2021,03,7022,13450371.1,9445736.9
Sur,7 Up,2021,03,1407,1976997.8,1545157.41
Sur,Pepsi,2021,03,8490,15917038.12,11911086.92
Norte,Coca Cola,2021,04,10431,24826960.69,16281746.8
Norte,Fanta,2021,04,1469,2073969.9,1341830.03
Norte,Sprite,2021,04,7651,15183162.46,9781432.87
Norte,7 Up,2021,04,1357,1871218.25,1307909.18
Norte,Pepsi,2021,04,7256,15731008.15,12256419.58
Centro,Coca Cola,2021,04,10918,29270391.83,21136941.97
Centro,Fanta,2021,04,1750,2349113.91,1558639.43
Centro,Sprite,2021,04,6861,15308945.71,11717963.7
Centro,7 Up,2021,04,1595,2458229.68,1868368.42
Centro,Pepsi,2021,04,7576,14883847.59,9835014.96
Sur,Coca Cola,2021,04,10216,24394835.13,15412117.59
Sur,Fanta,2021,04,1525,2382237.79,1866958.12
Sur,Sprite,2021,04,7831,16459548.41,12952178.07
Sur,7 Up,2021,04,1384,1999070.26,1595823.94
Sur,Pepsi,2021,04,8778,17900779.59,13112549.4
Norte,Coca Cola,2021,05,11270,26568830.33,18733073.62
Norte,Fanta,2021,05,1518,2368245.57,1872425.22
Norte,Sprite,2021,05,7854,16433749.82,12297767.84
Norte,7 Up,2021,05,1353,1883989.85,1332966.5
Norte,Pepsi,2021,05,7200,13914649.1,9085035.43
Centro,Coca Cola,2021,05,10065,24926767.14,15581122.84
Centro,Fanta,2021,05,1444,1970293.66,1215472.01
Centro,Sprite,2021,05,7782,17395004.43,11598221.55
Centro,7 Up,2021,05,1568,2186818.57,1602782.21
Centro,Pepsi,2021,05,7546,14708872.65,11566415.14
Sur,Coca Cola,2021,05,11345,28033520.12,20995591.56
Sur,Fanta,2021,05,1465,2253226.06,1613945.86
Sur,Sprite,2021,05,7560,16451050.99,12989797.47
Sur,7 Up,2021,05,1363,2079486.88,1314904.34
Sur,Pepsi,2021,05,8597,17671695.46,11279205.41
Norte,Coca Cola,2021,06,10175,26092057.95,15947972.17
Norte,Fanta,2021,06,1756,2719427.15,1670505.81
Norte,Sprite,2021,06,6880,15594119.11,12330565.54
Norte,7 Up,2021,06,1541,2434878.53,1821241.33
Norte,Pepsi,2021,06,8044,14782391.07,10440405.94
Centro,Coca Cola,2021,06,10716,27948591.14,22190833.35
Centro,Fanta,2021,06,1491,2009728.39,1346764.25
Centro,Sprite,2021,06,7176,16250202.22,12430999.92
Centro,7 Up,2021,06,1465,2090722.53,1470574.78
Centro,Pepsi,2021,06,8474,17941897.26,12247400.53
Sur,Coca Cola,2021,06,9945,26927362.37,18136659.08
Sur,Fanta,2021,06,1733,2741343.82,2059061.76
Sur,Sprite,2021,06,7047,15673642.32,10249157.56
Sur,7 Up,2021,06,1572,2203433.73,1652582.35
Sur,Pepsi,2021,06,8124,15422026.7,9579721.23
Norte,Coca Cola,2021,07,11075,30434571.04,21223435.55
Norte,Fanta,2021,07,1463,2246597.52,1363314.8
Norte,Sprite,2021,07,6986,15137703.16,9555834.36
Norte,7 Up,2021,07,1475,2398957.96,1736069.98
Norte,Pepsi,2021,07,7534,15228517.85,11208754.41
Centro,Coca Cola,2021,07,10305,25839401.37,19698635.52
Centro,Fanta,2021,07,1732,2605650.34,1742870.33
Centro,Sprite,2021,07,6679,12579367.7,8924092.88
Centro,7 Up,2021,07,1637,2251712.84,1567837.67
Centro,Pepsi,2021,07,8441,16756429.63,12325111.21
Sur,Coca Cola,2021,07,11602,29154404.55,20665737.07
Sur,Fanta,2021,07,1561,2057047.4,1303647.08
Sur,Sprite,2021,07,7245,15405987.15,9393816.11
Sur,7 Up,2021,07,1544,2324159.95,1526258.63
Sur,Pepsi,2021,07,7325,15910675.3,10849803.33
Norte,Coca Cola,2021,08,11571,31108217.56,21561812.06
Norte,Fanta,2021,08,1517,2049678.68,1608014.55
Norte,Sprite,2021,08,6840,15204791.73,12125973.06
Norte,7 Up,2021,08,1514,2424225.81,1630674.6
Norte,Pepsi,2021,08,7777,15112406.41,9453797.32
Centro,Coca Cola,2021,08,10224,26154301.03,17547084.33
Centro,Fanta,2021,08,1681,2297843.26,1502051.58
Centro,Sprite,2021,08,6961,15555331.92,11617077.83
Centro,7 Up,2021,08,1516,2213885.42,1551233.66
Centro,Pepsi,2021,08,7609,15224136.22,9402252.94
Sur,Coca Cola,2021,08,9921,25756426.29,18158755.7
Sur,Fanta,2021,08,1754,2526827.65,2000697.44
Sur,Sprite,2021,08,7623,14617582.7,10964786.0
Sur,7 Up,2021,08,1575,2377227.22,1626401.54
Sur,Pepsi,2021,08,8082,14945225.46,10066549.0
Norte,Coca Cola,2021,09,11112,29699412.48,23464481.63
Norte,Fanta,2021,09,1507,2083749.13,1476022.73
Norte,Sprite,2021,09,7919,17808469.16,12765716.75
Norte,7 Up,2021,09,1470,2125233.49,1441332.92
Norte,Pepsi,2021,09,8293,18089199.67,13997380.39
Centro,Coca Cola,2021,09,9975,27257813.44,19350813.11
Centro,Fanta,2021,09,1655,2289507.48,1468583.48
Centro,Sprite,2021,09,6746,14675569.18,11154366.28
Centro,7 Up,2021,09,1549,2233362.76,1572387.9
Centro,Pepsi,2021,09,7614,16997376.39,10470470.3
Sur,Coca Cola,2021,09,11601,27801838.01,16893853.71
Sur,Fanta,2021,09,1484,2188214.02,1641874.73
Sur,Sprite,2021,09,7522,15048790.09,12021030.0
Sur,7 Up,2021,09,1502,2077067.97,1548005.1
Sur,Pepsi,2021,09,8346,18371940.11,12047397.27
Norte,Coca Cola,2021,10,10346,25860724.47,16221145.25
Norte,Fanta,2021,10,1562,2369859.12,1592938.82
Norte,Sprite,2021,10,7716,17509431.98,10596925.13
Norte,7 Up,2021,10,1410,2088418.98,1481372.42
Norte,Pepsi,2021,10,8493,16759224.76,11695188.83
Centro,Coca Cola,2021,10,10106,25394398.98,20063285.91
Centro,Fanta,2021,10,1720,2252992.13,1714804.23
Centro,Sprite,2021,10,7661,16797353.06,10976473.88
Centro,7 Up,2021,10,1448,2014575.08,1459665.05
Centro,Pepsi,2021,10,7401,16384223.42,12337325.55
Sur,Coca Cola,2021,10,11081,31456122.03,23348008.44
Sur,Fanta,2021,10,1712,2689711.29,1672030.38
Sur,Sprite,2021,10,6500,12423143.16,9378329.16
Sur,7 Up,2021,10,1638,2487953.73,1529161.04
Sur,Pepsi,2021,10,8240,15490661.54,10185492.41
Norte,Coca Cola,2021,11,11901,32085671.35,25230770.12
Norte,Fanta,2021,11,1476,2205148.94,1459883.71
Norte,Sprite,2021,11,7006,13369914.18,10690472.96
Norte,7 Up,2021,11,1370,1973333.58,1255244.49
Norte,Pepsi,2021,11,8678,17505966.85,11821405.55
Centro,Coca Cola,2021,11,10721,29685197.85,21003478.19
Centro,Fanta,2021,11,1591,2154478.81,1423278.91
Centro,Sprite,2021,11,7420,16292911.1,12429286.24
Centro,7 Up,2021,11,1584,2289823.22,1763425.76
Centro,Pepsi,2021,11,7930,14674105.49,9958223.49
Sur,Coca Cola,2021,11,10510,29040941.38,18986941.83
Sur,Fanta,2021,11,1614,2294586.18,1595931.96
Sur,Sprite,2021,11,7787,15291890.95,9284071.96
Sur,7 Up,2021,11,1469,2271674.58,1802557.68
Sur,Pepsi,2021,11,7258,14604781.5,9136158.85
Norte,Coca Cola,2021,12,10687,29187105.19,18990978.15
Norte,Fanta,2021,12,1742,2572512.37,1566310.97
Norte,Sprite,2021,12,7643,15133513.0,10663889.02
Norte,7 Up,2021,12,1492,2319188.91,1603748.03
Norte,Pepsi,2021,12,7771,15465626.18,9994157.25
Centro,Coca Cola,2021,12,11127,27880325.25,17432206.27
Centro,Fanta,2021,12,1491,2129610.0,1535909.12
Centro,Sprite,2021,12,7918,17035689.84,11419873.02
Centro,7 Up,2021,12,1580,2319481.3,1769011.37
Centro,Pepsi,2021,12,7362,15010810.2,11163438.35
Sur,Coca Cola,2021,12,10821,26074450.71,16517573.75
Sur,Fanta,2021,12,1684,2445529.7,1510374.09
Sur,Sprite,2021,12,6781,13142792.05,8962585.25
Sur,7 Up,2021,12,1633,2569123.3,1822066.2
Sur,Pepsi,2021,12,7569,15232962.83,10816240.72
Norte,Coca Cola,2022,01,11681,37917100.9,28114105.11
Norte,Fanta,2022,01,1384,1583828.15,987064.41
Norte,Sprite,2022,01,6862,16099347.48,12873718.77
Norte,7 Up,2022,01,2236,3281318.64,2580283.18
Norte,Pepsi,2022,01,8570,19982369.97,15966577.51
Centro,Coca Cola,2022,01,11248,34469738.44,26738535.23
Centro,Fanta,2022,01,1279,1433125.13,1047228.58
Centro,Sprite,2022,01,6071,13979780.19,9389867.02
Centro,7 Up,2022,01,2029,3013123.73,1878644.61
Centro,Pepsi,2022,01,7333,19034361.68,12677390.11
Sur,Coca Cola,2022,01,11329,41498772.07,30168720.46
Sur,Fanta,2022,01,1323,1573139.43,1127784.02
Sur,Sprite,2022,01,7082,15855770.84,9873974.36
Sur,7 Up,2022,01,2234,3307771.6,2326025.75
Sur,Pepsi,2022,01,7388,16772161.84,11432538.92
Norte,Coca Cola,2022,02,12907,43983398.72,31027763.79
Norte,Fanta,2022,02,1236,1548884.89,1186348.44
Norte,Sprite,2022,02,6454,14839070.61,9807953.72
Norte,7 Up,2022,02,2220,3303130.89,2535374.01
Norte,Pepsi,2022,02,8241,20167814.37,14640867.41
Centro,Coca Cola,2022,02,11780,38514725.45,29997486.69
Centro,Fanta,2022,02,1247,1393612.49,1037865.72
Centro,Sprite,2022,02,6740,16205036.0,10968721.41
Centro,7 Up,2022,02,2389,3538960.5,2461989.14
Centro,Pepsi,2022,02,7741,20307093.86,16086672.32
Sur,Coca Cola,2022,02,12225,43047995.5,33915583.74
Sur,Fanta,2022,02,1205,1319931.72,929510.88
Sur,Sprite,2022,02,6006,13039898.4,9524164.15
Sur,7 Up,2022,02,2395,3929056.56,2876269.64
Sur,Pepsi,2022,02,7520,18955841.89,13148577.5
Norte,Coca Cola,2022,03,11020,35987766.46,25166992.42
Norte,Fanta,2022,03,1397,1538489.66,1186019.7
Norte,Sprite,2022,03,6315,13607981.89,10018552.92
Norte,7 Up,2022,03,2370,3374478.57,2039057.91
Norte,Pepsi,2022,03,8706,22048436.08,16763100.35
Centro,Coca Cola,2022,03,11600,37056229.09,28136005.74
Centro,Fanta,2022,03,1284,1457573.78,1005703.35
Centro,Sprite,2022,03,5880,12200405.47,8346157.03
Centro,7 Up,2022,03,2125,3131561.25,2461816.37
Centro,Pepsi,2022,03,7515,17878547.01,14063719.41
Sur,Coca Cola,2022,03,11129,36317862.57,26606654.78
Sur,Fanta,2022,03,1388,1595013.36,1215011.47
Sur,Sprite,2022,03,6787,16842591.31,12417664.16
Sur,7 Up,2022,03,2403,3689570.84,2920277.29
Sur,Pepsi,2022,03,7623,19689008.0,12161144.42
Norte,Coca Cola,2022,04,12836,43808945.27,32400831.19
Norte,Fanta,2022,04,1313,1646389.58,1276388.72
Norte,Sprite,2022,04,6535,15124741.36,9954944.64
Norte,7 Up,2022,04,2365,3648655.29,2736252.13
Norte,Pepsi,2022,04,8182,21183880.51,15137875.56
Centro,Coca Cola,2022,04,11877,42369857.5,33361778.77
Centro,Fanta,2022,04,1253,1497279.96,965251.46
Centro,Sprite,2022,04,6491,15121026.77,9990617.38
Centro,7 Up,2022,04,2047,3168036.77,1945589.41
Centro,Pepsi,2022,04,8734,21365467.74,16654367.85
Sur,Coca Cola,2022,04,12541,39259825.18,28536158.76
Sur,Fanta,2022,04,1232,1438270.39,929738.13
Sur,Sprite,2022,04,6442,15581641.73,9373004.96
Sur,7 Up,2022,04,2267,3416991.78,2246101.5
Sur,Pepsi,2022,04,8314,19201506.51,12435863.36
Norte,Coca Cola,2022,05,11807,40705225.65,31609637.99
Norte,Fanta,2022,05,1216,1263823.78,998713.72
Norte,Sprite,2022,05,6238,15482767.0,12146860.1
Norte,7 Up,2022,05,2205,2987402.73,2080944.27
Norte,Pepsi,2022,05,8703,22456964.02,15075692.91
Centro,Coca Cola,2022,05,13095,44074834.27,35091226.93
Centro,Fanta,2022,05,1243,1539074.34,1059477.71
Centro,Sprite,2022,05,6248,13470292.27,8718746.27
Centro,7 Up,2022,05,2331,3536097.28,2123456.55
Centro,Pepsi,2022,05,7825,19939577.96,13571487.42
Sur,Coca Cola,2022,05,12545,43749964.4,27305752.4
Sur,Fanta,2022,05,1367,1455185.71,1156003.81
Sur,Sprite,2022,05,6222,15123567.78,10829340.25
Sur,7 Up,2022,05,2120,3295924.53,2281708.08
Sur,Pepsi,2022,05,7659,17282327.6,10744422.82
Norte,Coca Cola,2022,06,11222,40702258.39,31571931.58
Norte,Fanta,2022,06,1249,1539028.02,985150.56
Norte,Sprite,2022,06,6837,14878752.42,11124959.96
Norte,7 Up,2022,06,2462,3379135.74,2672499.09
Norte,Pepsi,2022,06,7329,17810971.81,12814851.76
Centro,Coca Cola,2022,06,11003,35321118.24,25804188.87
Centro,Fanta,2022,06,1247,1349573.88,1046727.78
Centro,Sprite,2022,06,6091,12962383.84,8486716.87
Centro,7 Up,2022,06,2111,3258813.79,2202540.04
Centro,Pepsi,2022,06,8511,19409278.47,15292258.85
Sur,Coca Cola,2022,06,11823,40659927.03,29938353.41
Sur,Fanta,2022,06,1233,1383389.48,887385.26
Sur,Sprite,2022,06,6423,13305083.83,8602042.78
Sur,7 Up,2022,06,2311,3244949.61,2022738.57
Sur,Pepsi,2022,06,7402,18500268.08,14739801.31
Norte,Coca Cola,2022,07,10976,35833455.23,24901447.04
Norte,Fanta,2022,07,1305,1506142.09,1135703.66
Norte,Sprite,2022,07,6326,13756134.19,10326105.81
Norte,7 Up,2022,07,2196,3350659.81,2583784.44
Norte,Pepsi,2022,07,7291,16997381.86,11407674.68
Centro,Coca Cola,2022,07,12776,40481675.33,31159591.25
Centro,Fanta,2022,07,1171,1254410.31,780763.02
Centro,Sprite,2022,07,6048,12627388.08,9598777.66
Centro,7 Up,2022,07,2449,3426724.03,2168869.2
Centro,Pepsi,2022,07,8650,22163110.33,14966619.55
Sur,Coca Cola,2022,07,12654,44403766.08,33400411.29
Sur,Fanta,2022,07,1316,1406838.1,858803.12
Sur,Sprite,2022,07,7110,17953910.6,13776702.17
Sur,7 Up,2022,07,2444,3811765.35,2659843.94
Sur,Pepsi,2022,07,8030,19913981.54,15521416.96
Norte,Coca Cola,2022,08,12399,37967654.47,29644567.21
Norte,Fanta,2022,08,1345,1628042.64,1227506.96
Norte,Sprite,2022,08,6451,13863622.08,10586159.68
Norte,7 Up,2022,08,2470,3722343.57,2450433.32
Norte,Pepsi,2022,08,7890,20914819.14,14104646.21
Centro,Coca Cola,2022,08,11500,42463861.82,33673789.24
Centro,Fanta,2022,08,1329,1456177.58,1001364.38
Centro,Sprite,2022,08,6689,15643109.18,12043928.71
Centro,7 Up,2022,08,2179,3007861.08,1864395.11
Centro,Pepsi,2022,08,7349,18179316.19,13604572.0
Sur,Coca Cola,2022,08,12116,43130864.44,27897997.39
Sur,Fanta,2022,08,1368,1522732.96,1161698.62
Sur,Sprite,2022,08,6856,15804370.72,11071982.36
Sur,7 Up,2022,08,2146,3514436.36,2555720.18
Sur,Pepsi,2022,08,7912,18929181.81,13883176.32
Norte,Coca Cola,2022,09,12510,40265133.84,27883828.24
Norte,Fanta,2022,09,1358,1505917.77,1117762.43
Norte,Sprite,2022,09,6622,13871945.21,10323591.79
Norte,7 Up,2022,09,2033,3250229.96,2166211.85
Norte,Pepsi,2022,09,8715,20298645.46,14000454.71
Centro,Coca Cola,2022,09,12495,44371160.02,31921456.39
Centro,Fanta,2022,09,1363,1703946.63,1275687.74
Centro,Sprite,2022,09,5992,14806796.13,10330171.82
Centro,7 Up,2022,09,2370,3709218.81,2456547.2
Centro,Pepsi,2022,09,7230,16075618.15,10940268.49
Sur,Coca Cola,2022,09,11285,39512450.1,28084927.58
Sur,Fanta,2022,09,1367,1485217.84,1120420.02
Sur,Sprite,2022,09,6394,14180396.38,9741077.5
Sur,7 Up,2022,09,2297,3726438.5,2540671.18
Sur,Pepsi,2022,09,7575,17856285.15,12958549.95
Norte,Coca Cola,2022,10,12106,37334418.42,23728121.5
Norte,Fanta,2022,10,1276,1547837.58,971484.72
Norte,Sprite,2022,10,6077,14577243.9,10397195.21
Norte,7 Up,2022,10,2223,3583243.64,2267432.0
Norte,Pepsi,2022,10,8542,22709794.68,14584634.87
Centro,Coca Cola,2022,10,12014,43117135.26,29373135.68
Centro,Fanta,2022,10,1188,1368272.38,1053735.18
Centro,Sprite,2022,10,6417,14883431.06,10118413.43
Centro,7 Up,2022,10,2325,3606235.44,2655357.85
Centro,Pepsi,2022,10,7226,17281025.35,13199913.13
Sur,Coca Cola,2022,10,10922,38553201.84,26787298.36
Sur,Fanta,2022,10,1285,1397856.67,1096327.21
Sur,Sprite,2022,10,5871,12448977.41,7846459.61
Sur,7 Up,2022,10,2091,3340089.14,2418465.21
Sur,Pepsi,2022,10,7826,20589892.03,16336795.14
Norte,Coca Cola,2022,11,11528,39569451.44,24156505.15
Norte,Fanta,2022,11,1320,1596624.06,1116823.52
Norte,Sprite,2022,11,6332,13358426.22,8775349.93
Norte,7 Up,2022,11,2369,3580776.91,2817451.58
Norte,Pepsi,2022,11,8296,20238743.31,14464120.72
Centro,Coca Cola,2022,11,12547,40656577.91,30402258.81
Centro,Fanta,2022,11,1319,1496407.45,1171545.91
Centro,Sprite,2022,11,6466,16129237.82,12012422.98
Centro,7 Up,2022,11,2221,3107242.85,2482352.18
Centro,Pepsi,2022,11,7472,17667990.75,12187355.42
Sur,Coca Cola,2022,11,10974,39315298.62,24572093.14
Sur,Fanta,2022,11,1243,1558584.3,1090880.57
Sur,Sprite,2022,11,6655,13958247.03,9038591.16
Sur,7 Up,2022,11,2067,3291252.08,2278868.14
Sur,Pepsi,2022,11,8413,22414243.89,16669581.6
Norte,Coca Cola,2022,12,12667,41154167.81,28104855.82
Norte,Fanta,2022,12,1223,1437212.45,868219.33
Norte,Sprite,2022,12,6911,16810565.61,12076963.6
Norte,7 Up,2022,12,2028,3133516.58,2095294.44
Norte,Pepsi,2022,12,8241,20494837.5,14868023.53
Centro,Coca Cola,2022,12,11950,38286673.05,27277769.96
Centro,Fanta,2022,12,1303,1641380.01,1162066.88
Centro,Sprite,2022,12,6316,13557538.32,9371497.71
Centro,7 Up,2022,12,2098,2905163.42,2232095.66
Centro,Pepsi,2022,12,7476,19318127.75,13556538.73
Sur,Coca Cola,2022,12,13172,44574329.95,33138136.06
Sur,Fanta,2022,12,1389,1577843.11,1238299.55
Sur,Sprite,2022,12,7015,14617060.09,10571055.53
Sur,7 Up,2022,12,2427,3897362.23,2852765.89
Sur,Pepsi,2022,12,7385,19365975.04,13293701.77
Norte,Coca Cola,2023,01,14215,64289292.27,39354931.37
Norte,Fanta,2023,01,1042,964413.02,680747.03
Norte,Sprite,2023,01,5552,13248055.21,8260442.35
Norte,7 Up,2023,01,3511,4870958.28,3609648.11
Norte,Pepsi,2023,01,7573,22395158.96,16961415.61
Centro,Coca Cola,2023,01,13379,59869341.11,47716469.17
Centro,Fanta,2023,01,989,958946.66,731682.15
Centro,Sprite,2023,01,5569,15386476.92,10468341.76
Centro,7 Up,2023,01,3672,5678774.0,4235159.37
Centro,Pepsi,2023,01,8295,24043252.84,16140182.33
Sur,Coca Cola,2023,01,13378,53525502.56,41527081.38
Sur,Fanta,2023,01,1027,918007.87,621809.45
Sur,Sprite,2023,01,5743,13099489.48,10309806.85
Sur,7 Up,2023,01,3151,4917105.69,3204185.11
Sur,Pepsi,2023,01,8789,26939825.68,17362271.8
Norte,Coca Cola,2023,02,13757,61380868.96,37928196.89
Norte,Fanta,2023,02,1094,998548.29,725075.78
Norte,Sprite,2023,02,6051,15510619.02,9903748.21
Norte,7 Up,2023,02,3664,5828787.42,3733256.58
Norte,Pepsi,2023,02,8397,25491878.14,17656634.03
Centro,Coca Cola,2023,02,13505,60320208.52,42341539.95
Centro,Fanta,2023,02,923,917132.07,732845.66
Centro,Sprite,2023,02,5340,12961850.01,8715249.49
Centro,7 Up,2023,02,3058,4336392.94,3191564.7
Centro,Pepsi,2023,02,8226,23474863.34,16422161.63
Sur,Coca Cola,2023,02,12635,55501623.15,34030027.35
Sur,Fanta,2023,02,1002,977405.62,697343.32
Sur,Sprite,2023,02,5776,13635844.14,9490460.18
Sur,7 Up,2023,02,3400,4700884.55,2854351.09
Sur,Pepsi,2023,02,8201,26130548.16,15917048.08
Norte,Coca Cola,2023,03,12432,58162953.1,42352075.19
Norte,Fanta,2023,03,1083,932570.56,662632.28
Norte,Sprite,2023,03,5448,15044317.56,9043544.5
Norte,7 Up,2023,03,3302,5428401.23,4324992.27
Norte,Pepsi,2023,03,8125,25191296.87,15703459.94
Centro,Coca Cola,2023,03,13566,57808161.18,38566691.36
Centro,Fanta,2023,03,1061,955561.16,671335.83
Centro,Sprite,2023,03,6195,16391752.89,12195030.38
Centro,7 Up,2023,03,3062,4975897.24,3217523.8
Centro,Pepsi,2023,03,8254,26542825.3,20399214.1
Sur,Coca Cola,2023,03,11984,54060564.94,42772958.75
Sur,Fanta,2023,03,1088,916660.13,567976.98
Sur,Sprite,2023,03,6036,14816942.61,11052215.19
Sur,7 Up,2023,03,3294,5161390.21,3216082.3
Sur,Pepsi,2023,03,8766,25004967.28,19763096.38
Norte,Coca Cola,2023,04,13805,55646242.9,37105975.46
Norte,Fanta,2023,04,1014,919753.39,665164.25
Norte,Sprite,2023,04,5589,13640763.47,8261920.97
Norte,7 Up,2023,04,3446,4968142.0,3074534.53
Norte,Pepsi,2023,04,8177,22431772.39,15914328.18
Centro,Coca Cola,2023,04,14373,65866718.58,42639105.22
Centro,Fanta,2023,04,1116,946430.31,691861.72
Centro,Sprite,2023,04,5353,13623226.46,9508388.15
Centro,7 Up,2023,04,3220,4393019.23,2935750.82
Centro,Pepsi,2023,04,8162,22778958.58,16268240.24
Sur,Coca Cola,2023,04,14379,66391493.58,40593666.5
Sur,Fanta,2023,04,967,811125.21,509827.24
Sur,Sprite,2023,04,6118,15366275.45,9713305.86
Sur,7 Up,2023,04,3283,4896221.93,3109235.51
Sur,Pepsi,2023,04,8341,23861219.14,15071311.37
Norte,Coca Cola,2023,05,13716,54634272.85,39044162.96
Norte,Fanta,2023,05,1083,1045301.72,635355.63
Norte,Sprite,2023,05,5856,14856483.8,9246588.64
Norte,7 Up,2023,05,3384,5413490.98,3259372.1
Norte,Pepsi,2023,05,7600,20828078.64,14266241.47
Centro,Coca Cola,2023,05,12861,54012026.97,33721068.3
Centro,Fanta,2023,05,925,835455.83,667399.52
Centro,Sprite,2023,05,6116,15334779.01,11722345.2
Centro,7 Up,2023,05,3275,4855207.36,3358067.96
Centro,Pepsi,2023,05,7821,21234372.15,13138202.63
Sur,Coca Cola,2023,05,12761,53537334.26,39809927.23
Sur,Fanta,2023,05,926,934719.74,585877.63
Sur,Sprite,2023,05,5617,14668441.56,10195612.51
Sur,7 Up,2023,05,3531,4941201.47,3315588.44
Sur,Pepsi,2023,05,7824,23162686.14,16788651.78
Norte,Coca Cola,2023,06,12811,51015625.64,32621724.04
Norte,Fanta,2023,06,1024,1027967.25,803701.7
Norte,Sprite,2023,06,5850,15941758.23,11485851.83
Norte,7 Up,2023,06,3485,5735103.25,4283197.7
Norte,Pepsi,2023,06,8320,24625113.85,17542974.68
Centro,Coca Cola,2023,06,13239,58210001.3,40013951.67
Centro,Fanta,2023,06,949,942811.25,569400.4
Centro,Sprite,2023,06,6233,17069590.85,10299190.6
Centro,7 Up,2023,06,3459,5333022.79,3217414.58
Centro,Pepsi,2023,06,7459,24023898.42,16013891.33
Sur,Coca Cola,2023,06,13649,65065768.09,43088003.4
Sur,Fanta,2023,06,956,933552.55,735869.2
Sur,Sprite,2023,06,5990,15311093.81,10682647.53
Sur,7 Up,2023,06,3489,5289649.06,3657669.59
Sur,Pepsi,2023,06,8485,23542630.73,15029388.02
Norte,Coca Cola,2023,07,14298,59050917.48,47160463.14
Norte,Fanta,2023,07,937,824891.34,592200.87
Norte,Sprite,2023,07,5488,12751469.77,10133488.35
Norte,7 Up,2023,07,3298,4948811.64,3100935.17
Norte,Pepsi,2023,07,7513,22539976.92,16820095.31
Centro,Coca Cola,2023,07,14097,62161658.46,48367462.33
Centro,Fanta,2023,07,983,951451.44,661059.45
Centro,Sprite,2023,07,6347,15813836.79,11138536.01
Centro,7 Up,2023,07,3100,4378401.93,2675547.06
Centro,Pepsi,2023,07,7880,23899578.75,18646585.77
Sur,Coca Cola,2023,07,13293,52831546.83,41393072.61
Sur,Fanta,2023,07,1105,1075268.4,729781.71
Sur,Sprite,2023,07,5577,13376766.49,9760747.24
Sur,7 Up,2023,07,3231,5163577.88,3474969.27
Sur,Pepsi,2023,07,8444,22432783.51,16885460.44
Norte,Coca Cola,2023,08,14416,57144730.32,41162729.73
Norte,Fanta,2023,08,972,974130.24,650249.41
Norte,Sprite,2023,08,6094,16803719.32,13280240.77
Norte,7 Up,2023,08,3626,5614612.52,4348357.1
Norte,Pepsi,2023,08,8347,23029552.34,17597808.19
Centro,Coca Cola,2023,08,12783,60550986.18,39932968.16
Centro,Fanta,2023,08,1094,931920.54,742018.59
Centro,Sprite,2023,08,5516,12684111.31,8876999.26
Centro,7 Up,2023,08,3241,4577356.26,3018237.17
Centro,Pepsi,2023,08,8650,22971182.58,17194622.37
Sur,Coca Cola,2023,08,12853,56125963.43,36695850.7
Sur,Fanta,2023,08,965,800580.55,523970.36
Sur,Sprite,2023,08,5319,13765537.15,8974085.67
Sur,7 Up,2023,08,3398,5169411.99,4033741.76
Sur,Pepsi,2023,08,8007,22779636.16,17292285.23
Norte,Coca Cola,2023,09,14562,61917722.29,43799995.62
Norte,Fanta,2023,09,1070,1063655.52,641208.34
Norte,Sprite,2023,09,5637,14072976.54,10633849.0
Norte,7 Up,2023,09,3524,4988150.5,3960011.7
Norte,Pepsi,2023,09,7593,21272095.48,13527903.98
Centro,Coca Cola,2023,09,13300,60883002.97,43605329.94
Centro,Fanta,2023,09,1008,858305.31,562347.68
Centro,Sprite,2023,09,6018,13981215.23,10446282.7
Centro,7 Up,2023,09,3395,4976118.86,3714044.07
Centro,Pepsi,2023,09,8364,23254166.59,16661226.68
Sur,Coca Cola,2023,09,13966,67484765.89,44187778.18
Sur,Fanta,2023,09,1118,1096089.73,749834.17
Sur,Sprite,2023,09,6396,17544951.57,10985196.14
Sur,7 Up,2023,09,3455,5016919.9,3970716.82
Sur,Pepsi,2023,09,8468,23837987.84,15268519.13
Norte,Coca Cola,2023,10,12354,59552464.92,40827966.27
Norte,Fanta,2023,10,1030,922681.57,576661.74
Norte,Sprite,2023,10,6392,14804795.11,9544098.19
Norte,7 Up,2023,10,3314,4566631.25,3160397.67
Norte,Pepsi,2023,10,7709,21875747.77,15877374.69
Centro,Coca Cola,2023,10,13229,63013872.05,47577472.99
Centro,Fanta,2023,10,1093,1083616.24,700789.51
Centro,Sprite,2023,10,5685,13086444.72,7935822.39
Centro,7 Up,2023,10,3511,5460831.96,3746809.85
Centro,Pepsi,2023,10,8766,23356194.34,17873021.58
Sur,Coca Cola,2023,10,12301,58914642.23,37014139.11
Sur,Fanta,2023,10,968,873718.18,550645.01
Sur,Sprite,2023,10,6060,15520875.38,11999683.51
Sur,7 Up,2023,10,3410,5365448.25,4179966.26
Sur,Pepsi,2023,10,8476,25713222.18,17324735.15
Norte,Coca Cola,2023,11,14610,69979321.33,49788334.93
Norte,Fanta,2023,11,1053,889022.17,635146.33
Norte,Sprite,2023,11,5434,14383978.87,9089247.08
Norte,7 Up,2023,11,3670,5424743.54,3957901.21
Norte,Pepsi,2023,11,7497,20008907.13,13089473.11
Centro,Coca Cola,2023,11,13479,62991365.33,40271940.77
Centro,Fanta,2023,11,932,856873.86,611736.15
Centro,Sprite,2023,11,5444,13236657.65,9099594.59
Centro,7 Up,2023,11,3475,5588044.85,3547142.93
Centro,Pepsi,2023,11,7302,20053740.05,13478296.46
Sur,Coca Cola,2023,11,12359,52935501.6,37053262.74
Sur,Fanta,2023,11,1086,1055137.92,809111.89
Sur,Sprite,2023,11,6214,15595265.8,10970951.01
Sur,7 Up,2023,11,3369,4664824.01,3118748.03
Sur,Pepsi,2023,11,8346,26414449.52,18888616.32
Norte,Coca Cola,2023,12,14336,62124134.32,44499637.83
Norte,Fanta,2023,12,966,911108.54,707317.77
Norte,Sprite,2023,12,5938,15945398.47,10483976.3
Norte,7 Up,2023,12,3696,5112738.19,3201176.19
Norte,Pepsi,2023,12,8120,23845371.82,14389193.66
Centro,Coca Cola,2023,12,12639,50071230.56,31848416.68
Centro,Fanta,2023,12,987,932465.68,595256.29
Centro,Sprite,2023,12,5306,13454230.96,10606397.99
Centro,7 Up,2023,12,3127,4914862.42,3801348.08
Centro,Pepsi,2023,12,7236,19351906.24,14344474.89
Sur,Coca Cola,2023,12,13583,55897033.28,40055266.43
Sur,Fanta,2023,12,1021,935581.85,702640.8
Sur,Sprite,2023,12,5492,12967446.44,8378478.48
Sur,7 Up,2023,12,3302,5254492.72,3727733.79
Sur,Pepsi,2023,12,8225,26511276.45,18282497.93
Norte,Coca Cola,2024,01,15456,90887284.17,66290188.95
Norte,Fanta,2024,01,830,583027.21,396797.0
Norte,Sprite,2024,01,5726,15088446.83,11223068.6
Norte,7 Up,2024,01,5461,8751043.54,6451577.1
Norte,Pepsi,2024,01,8467,27362903.07,17001855.02
Centro,Coca Cola,2024,01,13328,74830213.61,46979459.52
Centro,Fanta,2024,01,752,582928.61,405918.39
Centro,Sprite,2024,01,4940,13044943.94,8208241.52
Centro,7 Up,2024,01,4741,6918946.72,4697717.93
Centro,Pepsi,2024,01,8060,28737001.86,19789974.27
Sur,Coca Cola,2024,01,15027,86982427.87,63097498.71
Sur,Fanta,2024,01,854,586982.06,383109.37
Sur,Sprite,2024,01,4804,14363153.91,9791963.14
Sur,7 Up,2024,01,5168,7391818.29,4606842.76
Sur,Pepsi,2024,01,7291,24320361.25,18494382.56
Norte,Coca Cola,2024,02,13624,83181470.72,62388183.01
Norte,Fanta,2024,02,743,597337.5,425923.39
Norte,Sprite,2024,02,5496,15573281.35,11452805.34
Norte,7 Up,2024,02,4647,6395638.2,5010042.82
Norte,Pepsi,2024,02,7430,25686557.86,20007939.51
Centro,Coca Cola,2024,02,14951,82369830.32,52885097.27
Centro,Fanta,2024,02,875,582146.29,391313.63
Centro,Sprite,2024,02,5364,13560345.76,8296234.1
Centro,7 Up,2024,02,4661,6920443.84,5228542.08
Centro,Pepsi,2024,02,7697,25384152.52,15267903.78
Sur,Coca Cola,2024,02,15051,84415690.21,62140633.93
Sur,Fanta,2024,02,746,585320.54,392418.47
Sur,Sprite,2024,02,4998,12871781.71,8625895.0
Sur,7 Up,2024,02,4599,6527283.67,5038748.01
Sur,Pepsi,2024,02,8387,30206641.68,22049858.37
Norte,Coca Cola,2024,03,15859,81900422.57,62349144.24
Norte,Fanta,2024,03,886,699517.16,447424.24
Norte,Sprite,2024,03,5471,15839295.08,10647554.22
Norte,7 Up,2024,03,5178,8423666.06,6262965.86
Norte,Pepsi,2024,03,8288,27046578.9,17679332.97
Centro,Coca Cola,2024,03,13816,85097148.62,64674775.27
Centro,Fanta,2024,03,816,590188.18,370939.12
Centro,Sprite,2024,03,5151,14999685.23,11703168.86
Centro,7 Up,2024,03,5497,8766928.95,6735006.87
Centro,Pepsi,2024,03,7680,29494057.04,20896214.88
Sur,Coca Cola,2024,03,13583,70633933.9,50911460.0
Sur,Fanta,2024,03,781,607195.85,473547.31
Sur,Sprite,2024,03,5616,14671120.9,9008991.24
Sur,7 Up,2024,03,5088,7109256.8,4289615.89
Sur,Pepsi,2024,03,8320,28660380.45,21351580.81
Norte,Coca Cola,2024,04,14420,78804118.6,54345322.94
Norte,Fanta,2024,04,807,544102.38,429234.35
Norte,Sprite,2024,04,5396,16061383.26,10877615.32
Norte,7 Up,2024,04,5178,8050366.64,4978295.3
Norte,Pepsi,2024,04,8722,28937203.87,19382445.78
Centro,Coca Cola,2024,04,15797,87984193.03,60027243.73
Centro,Fanta,2024,04,879,657311.04,458405.08
Centro,Sprite,2024,04,5253,14276533.19,10766184.03
Centro,7 Up,2024,04,5039,7295273.96,5789801.55
Centro,Pepsi,2024,04,7526,26395650.03,19237908.16
Sur,Coca Cola,2024,04,13999,82905826.53,54538304.45
Sur,Fanta,2024,04,816,615065.08,393461.71
Sur,Sprite,2024,04,5218,15430155.24,10153954.03
Sur,7 Up,2024,04,5019,7087624.48,4260141.27
Sur,Pepsi,2024,04,7799,30216791.29,22744725.09
Norte,Coca Cola,2024,05,14330,73800440.15,44934926.17
Norte,Fanta,2024,05,744,494444.86,390819.29
Norte,Sprite,2024,05,5401,13554008.73,9384688.39
Norte,7 Up,2024,05,5364,8423604.38,5585118.43
Norte,Pepsi,2024,05,8692,29135830.71,21826208.1
Centro,Coca Cola,2024,05,13681,74279205.9,56591402.61
Centro,Fanta,2024,05,860,613212.19,405875.98
Centro,Sprite,2024,05,4797,12811448.75,9283178.03
Centro,7 Up,2024,05,4700,6774535.34,5083929.06
Centro,Pepsi,2024,05,8586,31146901.36,22251709.25
Sur,Coca Cola,2024,05,15548,96215631.6,68876773.39
Sur,Fanta,2024,05,845,606527.36,410565.38
Sur,Sprite,2024,05,5305,13989562.88,9895753.21
Sur,7 Up,2024,05,4824,7260612.08,5745603.34
Sur,Pepsi,2024,05,8056,26489844.88,19966579.64
Norte,Coca Cola,2024,06,13912,77156547.68,60319686.04
Norte,Fanta,2024,06,798,577960.14,427414.96
Norte,Sprite,2024,06,4914,13659730.19,8660059.42
Norte,7 Up,2024,06,4904,6639501.58,4006324.32
Norte,Pepsi,2024,06,7403,25926755.46,18341217.05
Centro,Coca Cola,2024,06,14912,90691971.11,55264732.13
Centro,Fanta,2024,06,852,644701.21,424653.53
Centro,Sprite,2024,06,5508,16281727.65,9918635.69
Centro,7 Up,2024,06,4572,7487016.63,5901975.71
Centro,Pepsi,2024,06,7290,25880806.88,16641032.34
Sur,Coca Cola,2024,06,15314,85245845.58,57933373.71
Sur,Fanta,2024,06,851,686681.81,516601.6
Sur,Sprite,2024,06,5161,15379552.73,10169432.37
Sur,7 Up,2024,06,4639,6448555.34,4698302.84
Sur,Pepsi,2024,06,8121,29813317.95,21790492.46
Norte,Coca Cola,2024,07,13554,76061788.74,45728070.59
Norte,Fanta,2024,07,882,619739.93,445186.22
Norte,Sprite,2024,07,4851,12299550.79,8534820.87
Norte,7 Up,2024,07,4764,7316025.25,5616311.89
Norte,Pepsi,2024,07,7733,25167420.39,16334041.26
Centro,Coca Cola,2024,07,13447,79496536.35,58908455.45
Centro,Fanta,2024,07,894,619620.87,405146.1
Centro,Sprite,2024,07,5340,16168560.52,11234731.71
Centro,7 Up,2024,07,5136,7360618.74,4949574.89
Centro,Pepsi,2024,07,8286,28429180.11,21635457.35
Sur,Coca Cola,2024,07,13293,78654923.77,47870915.85
Sur,Fanta,2024,07,816,569476.3,374392.4
Sur,Sprite,2024,07,4842,14298701.96,9241832.38
Sur,7 Up,2024,07,4672,7205937.06,5207854.41
Sur,Pepsi,2024,07,8461,29276712.42,18737370.02
Norte,Coca Cola,2024,08,15160,85219397.4,58262146.99
Norte,Fanta,2024,08,858,653231.95,499219.77
Norte,Sprite,2024,08,5481,14855527.09,8983470.22
Norte,7 Up,2024,08,4887,7746508.38,5049198.33
Norte,Pepsi,2024,08,7897,30122937.03,22518463.0
Centro,Coca Cola,2024,08,14956,92523187.62,64800612.53
Centro,Fanta,2024,08,830,566586.48,386479.12
Centro,Sprite,2024,08,5768,15436116.71,10675372.98
Centro,7 Up,2024,08,5141,8262957.15,6474958.3
Centro,Pepsi,2024,08,8116,30014670.96,23188487.0
Sur,Coca Cola,2024,08,14794,84892519.62,56070999.12
Sur,Fanta,2024,08,872,650833.54,442892.22
Sur,Sprite,2024,08,4771,13149757.36,9032506.67
Sur,7 Up,2024,08,5423,8320657.16,6330188.47
Sur,Pepsi,2024,08,7531,26753705.84,18398014.0
Norte,Coca Cola,2024,09,14350,82336068.41,59367720.25
Norte,Fanta,2024,09,832,644022.27,462548.32
Norte,Sprite,2024,09,5324,15585081.97,9619598.6
Norte,7 Up,2024,09,4594,7521490.49,5663146.31
Norte,Pepsi,2024,09,8099,26940964.93,18026110.48
Centro,Coca Cola,2024,09,14837,80590219.82,60060826.13
Centro,Fanta,2024,09,846,570134.55,421529.61
Centro,Sprite,2024,09,5287,13393067.54,9209511.32
Centro,7 Up,2024,09,5411,7669506.59,5438384.9
Centro,Pepsi,2024,09,7533,24911457.68,19578768.02
Sur,Coca Cola,2024,09,13546,84552453.28,65197086.07
Sur,Fanta,2024,09,852,643132.51,409736.27
Sur,Sprite,2024,09,4778,13298997.45,9391532.46
Sur,7 Up,2024,09,4710,7194041.45,4721882.88
Sur,Pepsi,2024,09,7520,29110940.73,20186300.49
Norte,Coca Cola,2024,10,14836,88073557.12,61941075.46
Norte,Fanta,2024,10,857,572243.37,394314.51
Norte,Sprite,2024,10,5531,16230006.17,12443777.18
Norte,7 Up,2024,10,5363,7659005.46,5592160.3
Norte,Pepsi,2024,10,7978,26725202.29,20432334.58
Centro,Coca Cola,2024,10,13935,75789317.15,51171721.8
Centro,Fanta,2024,10,855,655308.47,428575.32
Centro,Sprite,2024,10,4991,14480044.09,9037780.63
Centro,7 Up,2024,10,5284,7984805.0,5373312.15
Centro,Pepsi,2024,10,8280,30272547.32,24096069.7
Sur,Coca Cola,2024,10,15934,99459624.71,68015158.36
Sur,Fanta,2024,10,798,625634.44,378635.12
Sur,Sprite,2024,10,5619,14573752.38,8777951.69
Sur,7 Up,2024,10,4754,6936200.53,4221464.56
Sur,Pepsi,2024,10,8091,29462071.83,21551971.57
Norte,Coca Cola,2024,11,13493,70201646.33,49420407.38
Norte,Fanta,2024,11,754,565977.57,440862.17
Norte,Sprite,2024,11,5291,14631501.39,8845276.17
Norte,7 Up,2024,11,4872,7429324.12,5898270.26
Norte,Pepsi,2024,11,7689,28816866.76,22283408.27
Centro,Coca Cola,2024,11,14297,87205828.39,62611031.64
Centro,Fanta,2024,11,755,596226.97,405759.18
Centro,Sprite,2024,11,5045,14660266.78,10340295.08
Centro,7 Up,2024,11,5107,6975599.73,4980089.54
Centro,Pepsi,2024,11,8017,25663963.74,16007503.69
Sur,Coca Cola,2024,11,14479,85975038.01,64697836.17
Sur,Fanta,2024,11,843,637834.36,464934.93
Sur,Sprite,2024,11,5528,16619806.86,9995398.45
Sur,7 Up,2024,11,4849,7017107.73,4783092.3
Sur,Pepsi,2024,11,8358,27139180.25,20528270.43
Norte,Coca Cola,2024,12,15277,83046303.23,60564698.13
Norte,Fanta,2024,12,896,642287.65,494029.29
Norte,Sprite,2024,12,4910,12557860.21,7660808.15
Norte,7 Up,2024,12,5101,8124474.38,6042673.4
Norte,Pepsi,2024,12,8172,28588402.27,20481836.03
Centro,Coca Cola,2024,12,14357,86328233.13,53874199.81
Centro,Fanta,2024,12,823,590977.7,355707.93
Centro,Sprite,2024,12,5637,15837365.64,12620243.23
Centro,7 Up,2024,12,4649,6979056.48,4906985.52
Centro,Pepsi,2024,12,8416,31849652.29,22566779.17
Sur,Coca Cola,2024,12,15339,86153788.74,62146904.18
Sur,Fanta,2024,12,861,639253.19,455982.52
Sur,Sprite,2024,12,5488,15017946.42,9432638.78
Sur,7 Up,2024,12,5548,8026246.59,6322051.53
Sur,Pepsi,2024,12,8474,28498705.2,19920140.91
